Wall time,Step,Value
1733892828.294935,0,0.9793339371681213
1733893545.2619987,1,0.9852198958396912
1733894258.212977,2,0.9862101674079895
1733894944.7679405,3,0.9867603778839111
1733895655.3283055,4,0.9872125387191772
1733896350.442767,5,0.9873794317245483
1733897047.5114107,6,0.9871494770050049
1733897759.3020854,7,0.9877015948295593
1733898455.7239249,8,0.9878764152526855
1733899164.2382336,9,0.9879533052444458
1733899867.7956567,10,0.9880647659301758
1733900568.8632343,11,0.9881587028503418
1733901272.6545098,12,0.9883108735084534
1733902000.445719,13,0.9881786108016968
1733902733.3641872,14,0.9883331656455994
1733903562.2033098,15,0.9883458018302917
1733904339.9206998,16,0.9884513020515442
1733905052.7789297,17,0.9883518815040588
1733905758.3422282,18,0.9885425567626953
1733906476.7599294,19,0.9885283708572388
1733907190.2381253,20,0.9883195757865906
1733907899.7177203,21,0.9885743260383606
1733908592.1661806,22,0.9885738492012024
1733909290.979882,23,0.9885198473930359
1733910003.6830225,24,0.9886844754219055
1733910726.1727893,25,0.9887595176696777
1733911534.571073,26,0.988623321056366
1733912340.7460358,27,0.9886910319328308
1733913100.2435963,28,0.9883566498756409
1733913850.9690988,29,0.9887620806694031
1733914750.975236,30,0.9887643456459045
1733915565.0653808,31,0.9888759255409241
