Wall time,Step,Value
1733892828.294935,0,0.9843432307243347
1733893545.2619987,1,0.9842877388000488
1733894258.212977,2,0.986728310585022
1733894944.7679405,3,0.9857818484306335
1733895655.3283055,4,0.9871524572372437
1733896350.442767,5,0.9874095320701599
1733897047.5114107,6,0.9873827695846558
1733897759.3020854,7,0.987076997756958
1733898455.7239249,8,0.9878830909729004
1733899164.2382336,9,0.9878472685813904
1733899867.7956567,10,0.9879830479621887
1733900568.8632343,11,0.9871824383735657
1733901272.6545098,12,0.9882034063339233
1733902000.445719,13,0.988093376159668
1733902733.3641872,14,0.9878314733505249
1733903562.2033098,15,0.9885343313217163
1733904339.9206998,16,0.9882918000221252
1733905052.7789297,17,0.9883192181587219
1733905758.3422282,18,0.9886124134063721
1733906476.7599294,19,0.9883288741111755
1733907190.2381253,20,0.9877905249595642
1733907899.7177203,21,0.9882569313049316
1733908592.1661806,22,0.988044023513794
1733909290.979882,23,0.988413393497467
1733910003.6830225,24,0.9886217713356018
1733910726.1727893,25,0.9877330660820007
1733911534.571073,26,0.9882646799087524
1733912340.7460358,27,0.9876969456672668
1733913100.2435963,28,0.988295316696167
1733913850.9690988,29,0.9887585043907166
1733914750.975236,30,0.9889410734176636
1733915565.0653808,31,0.9888346791267395
